Strategy Name,Placement Name,Creative Name,Creative Size,Event Date,Impressions,Clicks, Media Spend ,Conversions,Conversion Value, ROAS 
Prospecting,Audience | Cannabis Consumers,Creative 2,728x90,11/4/2025,865,1, $ 4.76 ,0,0, $ -   
Prospecting,Audience | Cannabis Consumers,Creative 2,320x50,11/4/2025,3409,0, $ 18.75 ,0,0, $ -   
Prospecting,Audience | Cannabis Consumers,Creative 2,160x600,11/4/2025,107,0, $ 0.59 ,0,0, $ -   
Prospecting,Audience | Cannabis Consumers,Creative 2,320x100,11/4/2025,264,2, $ 1.45 ,0,0, $ -   
Prospecting,Audience | Cannabis Consumers,Creative 2,320x100,11/3/2025,211,0, $ 1.16 ,0,0, $ -   
Prospecting,Audience | Cannabis Consumers,Creative 2,160x600,11/3/2025,128,0, $ 0.70 ,0,0, $ -   
Prospecting,Audience | Cannabis Consumers,Creative 2,728x90,11/3/2025,659,3, $ 3.62 ,0,0, $ -   
Prospecting,Audience | Cannabis Consumers,Creative 2,320x50,11/3/2025,3191,2, $ 17.55 ,0,0, $ -   
Prospecting,Audience | Cannabis Consumers,Creative 4,160x600,11/3/2025,1,0, $ 0.01 ,0,0, $ -   
Prospecting,Audience | Cannabis Consumers,Creative 5,300x250,11/6/2025,4,1, $ 0.02 ,0,0, $ -   
Prospecting,Audience | Cannabis Consumers,Creative 5,320x50,11/6/2025,5,1, $ 0.03 ,0,0, $ -   
Prospecting,Audience | Cannabis Consumers,Creative 5,320x50,11/5/2025,3,0, $ 0.02 ,0,0, $ -   
Prospecting,Audience | Cannabis Consumers,Creative 5,300x250,11/5/2025,1,0, $ 0.01 ,0,0, $ -   
Prospecting,Audience | Cannabis Consumers,Creative 5,320x50,11/4/2025,3457,2, $ 19.01 ,0,0, $ -   
Prospecting,Audience | Cannabis Consumers,Creative 5,160x600,11/4/2025,113,0, $ 0.62 ,0,0, $ -   
Prospecting,Audience | Cannabis Consumers,Creative 5,300x250,11/4/2025,8405,9, $ 46.23 ,0,0, $ -   
Prospecting,Audience | Cannabis Consumers,Creative 5,320x100,11/4/2025,204,0, $ 1.12 ,0,0, $ -   
Prospecting,Audience | Cannabis Consumers,Creative 5,728x90,11/4/2025,941,2, $ 5.18 ,0,0, $ -   
Prospecting,Audience | Cannabis Consumers,Creative 5,728x90,11/3/2025,697,0, $ 3.83 ,0,0, $ -   
Prospecting,Audience | Cannabis Consumers,Creative 5,320x100,11/3/2025,195,0, $ 1.07 ,0,0, $ -   
Prospecting,Audience | Cannabis Consumers,Creative 5,300x250,11/3/2025,6410,3, $ 35.25 ,0,0, $ -   
Prospecting,Audience | Cannabis Consumers,Creative 5,320x50,11/3/2025,3126,4, $ 17.19 ,0,0, $ -   
Prospecting,Audience | Cannabis Consumers,Creative 5,160x600,11/3/2025,141,0, $ 0.78 ,0,0, $ -   
Prospecting,Audience | Cannabis Consumers,Creative 6,320x50,11/8/2025,3,0, $ 0.02 ,0,0, $ -   
Prospecting,Audience | Cannabis Consumers,Creative 6,320x50,11/7/2025,2,0, $ 0.01 ,1,68.75," $ 6,250.00 "
Prospecting,Audience | Cannabis Consumers,Creative 6,300x250,11/6/2025,0,1,,1,172.75,#DIV/0!
Prospecting,Audience | Cannabis Consumers,Creative 6,160x600,11/5/2025,3,0, $ 0.02 ,0,0, $ -   
Prospecting,Audience | Cannabis Consumers,Creative 6,320x50,11/5/2025,0,0,,1,69.25,#DIV/0!
Prospecting,Audience | Cannabis Consumers,Creative 6,160x600,11/4/2025,115,0, $ 0.63 ,0,0, $ -   
Prospecting,Audience | Cannabis Consumers,Creative 6,320x50,11/4/2025,3968,6, $ 21.82 ,1,15, $ 0.69 
Prospecting,Audience | Cannabis Consumers,Creative 6,728x90,11/4/2025,954,3, $ 5.25 ,0,0, $ -   
Prospecting,Audience | Cannabis Consumers,Creative 6,320x100,11/4/2025,190,0, $ 1.05 ,0,0, $ -   
Prospecting,Audience | Cannabis Consumers,Creative 6,300x250,11/4/2025,9115,6, $ 50.13 ,1,95, $ 1.89 
Prospecting,Audience | Cannabis Consumers,Creative 6,160x600,11/3/2025,124,1, $ 0.68 ,0,0, $ -   
Prospecting,Audience | Cannabis Consumers,Creative 6,320x100,11/3/2025,343,0, $ 1.89 ,0,0, $ -   
Prospecting,Audience | Cannabis Consumers,Creative 6,320x50,11/3/2025,3919,8, $ 21.55 ,0,0, $ -   
Prospecting,Audience | Cannabis Consumers,Creative 6,728x90,11/3/2025,735,1, $ 4.04 ,0,0, $ -   
Prospecting,Audience | Cannabis Consumers,Creative 6,300x250,11/3/2025,7194,3, $ 39.57 ,1,95, $ 2.40 
Prospecting,Audience | Cannabis Consumers,Creative 7,320x50,11/6/2025,2,1, $ 0.01 ,0,0, $ -   
Prospecting,Audience | Cannabis Consumers,Creative 7,728x90,11/5/2025,4,0, $ 0.02 ,0,0, $ -   
Prospecting,Audience | Cannabis Consumers,Creative 7,160x600,11/5/2025,3,0, $ 0.02 ,0,0, $ -   
Prospecting,Audience | Cannabis Consumers,Creative 7,320x50,11/4/2025,3373,5, $ 18.55 ,0,0, $ -   
Prospecting,Audience | Cannabis Consumers,Creative 7,320x100,11/4/2025,269,0, $ 1.48 ,0,0, $ -   
Prospecting,Audience | Cannabis Consumers,Creative 7,300x250,11/4/2025,8432,8, $ 46.38 ,0,0, $ -   
Prospecting,Audience | Cannabis Consumers,Creative 7,728x90,11/4/2025,856,2, $ 4.71 ,0,0, $ -   
Prospecting,Audience | Cannabis Consumers,Creative 7,160x600,11/4/2025,126,0, $ 0.69 ,0,0, $ -   
Prospecting,Audience | Cannabis Consumers,Creative 7,728x90,11/3/2025,683,1, $ 3.76 ,0,0, $ -   
Prospecting,Audience | Cannabis Consumers,Creative 7,320x100,11/3/2025,199,0, $ 1.09 ,0,0, $ -   
Prospecting,Audience | Cannabis Consumers,Creative 7,300x250,11/3/2025,6490,2, $ 35.69 ,0,0, $ -   
Prospecting,Audience | Cannabis Consumers,Creative 7,160x600,11/3/2025,141,0, $ 0.78 ,0,0, $ -   
Prospecting,Audience | Cannabis Consumers,Creative 7,320x50,11/3/2025,3214,2, $ 17.68 ,0,250, $ 14.14 
Prospecting,Audience | Cannabis Consumers,Creative 8,300x250,11/9/2025,1,0, $ 0.01 ,1,99," $ 18,000.00 "
Prospecting,Audience | Cannabis Consumers,Creative 8,300x250,11/8/2025,3,0, $ 0.02 ,0,0, $ -   
Prospecting,Audience | Cannabis Consumers,Creative 8,320x50,11/7/2025,2,1, $ 0.01 ,0,0, $ -   
Prospecting,Audience | Cannabis Consumers,Creative 8,300x250,11/6/2025,1,0, $ 0.01 ,2,93," $ 16,909.09 "
Prospecting,Audience | Cannabis Consumers,Creative 8,320x50,11/6/2025,2,1, $ 0.01 ,1,159.5," $ 14,500.00 "
Prospecting,Audience | Cannabis Consumers,Creative 8,300x250,11/5/2025,4,0, $ 0.02 ,0,0, $ -   
Prospecting,Audience | Cannabis Consumers,Creative 8,728x90,11/4/2025,929,3, $ 5.11 ,0,0, $ -   
Prospecting,Audience | Cannabis Consumers,Creative 8,320x100,11/4/2025,196,0, $ 1.08 ,0,0, $ -   
Prospecting,Audience | Cannabis Consumers,Creative 8,320x50,11/4/2025,3856,0, $ 21.21 ,0,0, $ -   
Prospecting,Audience | Cannabis Consumers,Creative 8,300x250,11/4/2025,9034,8, $ 49.69 ,0,0, $ -   
Prospecting,Audience | Cannabis Consumers,Creative 8,160x600,11/4/2025,116,0, $ 0.64 ,0,0, $ -   
Prospecting,Audience | Cannabis Consumers,Creative 8,300x250,11/3/2025,7147,4, $ 39.31 ,1,150, $ 3.82 
Prospecting,Audience | Cannabis Consumers,Creative 8,728x90,11/3/2025,693,1, $ 3.81 ,0,0, $ -   
Prospecting,Audience | Cannabis Consumers,Creative 8,320x50,11/3/2025,3964,5, $ 21.80 ,2,210, $ 9.63 
Prospecting,Audience | Cannabis Consumers,Creative 8,320x100,11/3/2025,207,3, $ 1.14 ,0,0, $ -   
Prospecting,Audience | Cannabis Consumers,Creative 8,160x600,11/3/2025,122,0, $ 0.67 ,0,0, $ -   
Prospecting,Audience | CRM/POS-based Lookalike Audience,Creative 1,160x600,11/8/2025,2,0, $ 0.01 ,0,0, $ -   
Prospecting,Audience | CRM/POS-based Lookalike Audience,Creative 1,160x600,11/7/2025,1,0, $ 0.01 ,0,0, $ -   
Prospecting,Audience | CRM/POS-based Lookalike Audience,Creative 2,320x50,11/7/2025,1,0, $ 0.01 ,1,50.91," $ 9,256.36 "
Prospecting,Audience | CRM/POS-based Lookalike Audience,Creative 2,320x50,11/6/2025,1,0, $ 0.01 ,2,91.3," $ 16,600.00 "
Prospecting,Audience | CRM/POS-based Lookalike Audience,Creative 2,320x50,11/5/2025,3,0, $ 0.02 ,1,92.5," $ 5,606.06 "
Prospecting,Audience | CRM/POS-based Lookalike Audience,Creative 2,160x600,11/4/2025,63,0, $ 0.35 ,0,0, $ -   
Prospecting,Audience | CRM/POS-based Lookalike Audience,Creative 2,728x90,11/4/2025,294,0, $ 1.62 ,0,0, $ -   
Prospecting,Audience | CRM/POS-based Lookalike Audience,Creative 2,320x100,11/4/2025,127,2, $ 0.70 ,0,0, $ -   
Prospecting,Audience | CRM/POS-based Lookalike Audience,Creative 2,320x50,11/4/2025,1944,6, $ 10.69 ,3,556, $ 52.00 
Prospecting,Audience | CRM/POS-based Lookalike Audience,Creative 2,320x50,11/3/2025,2357,3, $ 12.96 ,0,0, $ -   
Prospecting,Audience | CRM/POS-based Lookalike Audience,Creative 2,160x600,11/3/2025,91,0, $ 0.50 ,0,0, $ -   
Prospecting,Audience | CRM/POS-based Lookalike Audience,Creative 2,728x90,11/3/2025,353,0, $ 1.94 ,0,0, $ -   
Prospecting,Audience | CRM/POS-based Lookalike Audience,Creative 2,320x100,11/3/2025,149,0, $ 0.82 ,0,0, $ -   
Prospecting,Audience | CRM/POS-based Lookalike Audience,Creative 3,300x250,11/6/2025,1,0, $ 0.01 ,0,0, $ -   
Prospecting,Audience | CRM/POS-based Lookalike Audience,Creative 3,300x250,11/5/2025,4,0, $ 0.02 ,0,65.5," $ 2,977.27 "
Prospecting,Audience | CRM/POS-based Lookalike Audience,Creative 3,320x50,11/3/2025,1,0, $ 0.01 ,0,0, $ -   
Prospecting,Audience | CRM/POS-based Lookalike Audience,Creative 4,320x50,11/5/2025,2,0, $ 0.01 ,0,0, $ -   
Prospecting,Audience | CRM/POS-based Lookalike Audience,Creative 5,320x100,11/9/2025,1,0, $ 0.01 ,0,0, $ -   
Prospecting,Audience | CRM/POS-based Lookalike Audience,Creative 5,300x250,11/9/2025,2,0, $ 0.01 ,2,253.9," $ 23,081.82 "
Prospecting,Audience | CRM/POS-based Lookalike Audience,Creative 5,320x50,11/8/2025,3,0, $ 0.02 ,0,0, $ -   
Prospecting,Audience | CRM/POS-based Lookalike Audience,Creative 5,300x250,11/8/2025,3,0, $ 0.02 ,0,0, $ -   
Prospecting,Audience | CRM/POS-based Lookalike Audience,Creative 5,320x100,11/7/2025,1,0, $ 0.01 ,0,0, $ -   
Prospecting,Audience | CRM/POS-based Lookalike Audience,Creative 5,320x50,11/7/2025,1,0, $ 0.01 ,1,35.4," $ 6,436.36 "
Prospecting,Audience | CRM/POS-based Lookalike Audience,Creative 5,320x50,11/6/2025,2,1, $ 0.01 ,0,0, $ -   
Prospecting,Audience | CRM/POS-based Lookalike Audience,Creative 5,300x250,11/6/2025,1,0, $ 0.01 ,1,110.25," $ 20,045.45 "
Prospecting,Audience | CRM/POS-based Lookalike Audience,Creative 5,320x100,11/5/2025,1,0, $ 0.01 ,0,0, $ -   
Prospecting,Audience | CRM/POS-based Lookalike Audience,Creative 5,320x50,11/5/2025,1,0, $ 0.01 ,1,56," $ 10,181.82 "
Prospecting,Audience | CRM/POS-based Lookalike Audience,Creative 5,728x90,11/4/2025,326,1, $ 1.79 ,0,0, $ -   
Prospecting,Audience | CRM/POS-based Lookalike Audience,Creative 5,320x100,11/4/2025,122,0, $ 0.67 ,0,0, $ -   
Prospecting,Audience | CRM/POS-based Lookalike Audience,Creative 5,300x250,11/4/2025,3910,7, $ 21.50 ,1,140, $ 6.51 
Prospecting,Audience | CRM/POS-based Lookalike Audience,Creative 5,320x50,11/4/2025,1860,3, $ 10.23 ,2,56, $ 5.47 
Prospecting,Audience | CRM/POS-based Lookalike Audience,Creative 5,160x600,11/4/2025,53,0, $ 0.29 ,0,0, $ -   
Prospecting,Audience | CRM/POS-based Lookalike Audience,Creative 5,320x100,11/3/2025,145,0, $ 0.80 ,0,0, $ -   
Prospecting,Audience | CRM/POS-based Lookalike Audience,Creative 5,320x50,11/3/2025,2303,2, $ 12.67 ,2,165, $ 13.03 
Prospecting,Audience | CRM/POS-based Lookalike Audience,Creative 5,300x250,11/3/2025,4834,2, $ 26.59 ,0,16.67, $ 0.63 
Prospecting,Audience | CRM/POS-based Lookalike Audience,Creative 5,728x90,11/3/2025,375,0, $ 2.06 ,1,56, $ 27.15 
Prospecting,Audience | CRM/POS-based Lookalike Audience,Creative 5,160x600,11/3/2025,91,0, $ 0.50 ,0,0, $ -   
Prospecting,Audience | CRM/POS-based Lookalike Audience,Creative 6,300x250,11/5/2025,2,0, $ 0.01 ,1,127.5," $ 11,590.91 "
Prospecting,Audience | CRM/POS-based Lookalike Audience,Creative 6,320x50,11/5/2025,1,0, $ 0.01 ,1,71.5," $ 13,000.00 "
Prospecting,Audience | CRM/POS-based Lookalike Audience,Creative 6,728x90,11/4/2025,371,1, $ 2.04 ,0,0, $ -   
Prospecting,Audience | CRM/POS-based Lookalike Audience,Creative 6,320x50,11/4/2025,2118,3, $ 11.65 ,0,0, $ -   
Prospecting,Audience | CRM/POS-based Lookalike Audience,Creative 6,160x600,11/4/2025,57,0, $ 0.31 ,0,0, $ -   
Prospecting,Audience | CRM/POS-based Lookalike Audience,Creative 6,320x100,11/4/2025,121,0, $ 0.67 ,0,0, $ -   
Prospecting,Audience | CRM/POS-based Lookalike Audience,Creative 6,300x250,11/4/2025,4025,2, $ 22.14 ,0,0, $ -   
Prospecting,Audience | CRM/POS-based Lookalike Audience,Creative 6,320x50,11/3/2025,2648,0, $ 14.56 ,2,155, $ 10.64 
Prospecting,Audience | CRM/POS-based Lookalike Audience,Creative 6,300x250,11/3/2025,5302,3, $ 29.16 ,2,345, $ 11.83 
Prospecting,Audience | CRM/POS-based Lookalike Audience,Creative 6,728x90,11/3/2025,383,1, $ 2.11 ,0,0, $ -   
Prospecting,Audience | CRM/POS-based Lookalike Audience,Creative 6,160x600,11/3/2025,90,0, $ 0.50 ,0,0, $ -   
Prospecting,Audience | CRM/POS-based Lookalike Audience,Creative 6,320x100,11/3/2025,149,0, $ 0.82 ,0,0, $ -   
Prospecting,Audience | CRM/POS-based Lookalike Audience,Creative 7,728x90,11/5/2025,1,0, $ 0.01 ,0,0, $ -   
Prospecting,Audience | CRM/POS-based Lookalike Audience,Creative 7,160x600,11/4/2025,60,0, $ 0.33 ,0,0, $ -   
Prospecting,Audience | CRM/POS-based Lookalike Audience,Creative 7,320x100,11/4/2025,150,0, $ 0.83 ,0,0, $ -   
Prospecting,Audience | CRM/POS-based Lookalike Audience,Creative 7,728x90,11/4/2025,339,0, $ 1.86 ,0,0, $ -   
Prospecting,Audience | CRM/POS-based Lookalike Audience,Creative 7,320x50,11/4/2025,1868,3, $ 10.27 ,0,0, $ -   
Prospecting,Audience | CRM/POS-based Lookalike Audience,Creative 7,300x250,11/4/2025,3894,4, $ 21.42 ,0,0, $ -   
Prospecting,Audience | CRM/POS-based Lookalike Audience,Creative 7,160x600,11/3/2025,75,0, $ 0.41 ,0,0, $ -   
Prospecting,Audience | CRM/POS-based Lookalike Audience,Creative 7,320x100,11/3/2025,126,0, $ 0.69 ,0,0, $ -   
Prospecting,Audience | CRM/POS-based Lookalike Audience,Creative 7,728x90,11/3/2025,343,1, $ 1.89 ,0,0, $ -   
Prospecting,Audience | CRM/POS-based Lookalike Audience,Creative 7,320x50,11/3/2025,2339,1, $ 12.86 ,0,0, $ -   
Prospecting,Audience | CRM/POS-based Lookalike Audience,Creative 7,300x250,11/3/2025,4990,3, $ 27.44 ,0,0, $ -   
Prospecting,Audience | CRM/POS-based Lookalike Audience,Creative 8,160x600,11/9/2025,1,0, $ 0.01 ,0,0, $ -   
Prospecting,Audience | CRM/POS-based Lookalike Audience,Creative 8,320x50,11/7/2025,1,0, $ 0.01 ,2,156," $ 28,363.64 "
Prospecting,Audience | CRM/POS-based Lookalike Audience,Creative 8,728x90,11/5/2025,0,0,,0,0,#DIV/0!
Prospecting,Audience | CRM/POS-based Lookalike Audience,Creative 8,320x50,11/5/2025,1,0, $ 0.01 ,0,0, $ -   
Prospecting,Audience | CRM/POS-based Lookalike Audience,Creative 8,300x250,11/4/2025,4115,1, $ 22.63 ,1,161, $ 7.11 
Prospecting,Audience | CRM/POS-based Lookalike Audience,Creative 8,728x90,11/4/2025,329,1, $ 1.81 ,0,0, $ -   
Prospecting,Audience | CRM/POS-based Lookalike Audience,Creative 8,320x50,11/4/2025,2147,3, $ 11.81 ,1,180, $ 15.24 
Prospecting,Audience | CRM/POS-based Lookalike Audience,Creative 8,160x600,11/4/2025,44,0, $ 0.24 ,0,0, $ -   
Prospecting,Audience | CRM/POS-based Lookalike Audience,Creative 8,nullxnull,11/4/2025,2,1, $ 0.01 ,0,0, $ -   
Prospecting,Audience | CRM/POS-based Lookalike Audience,Creative 8,320x100,11/4/2025,94,0, $ 0.52 ,0,0, $ -   
Prospecting,Audience | CRM/POS-based Lookalike Audience,Creative 8,728x90,11/3/2025,416,1, $ 2.29 ,0,0, $ -   
Prospecting,Audience | CRM/POS-based Lookalike Audience,Creative 8,320x100,11/3/2025,154,0, $ 0.85 ,1,80, $ 94.45 
Prospecting,Audience | CRM/POS-based Lookalike Audience,Creative 8,320x50,11/3/2025,2909,3, $ 16.00 ,1,132.5, $ 8.28 
Prospecting,Audience | CRM/POS-based Lookalike Audience,Creative 8,160x600,11/3/2025,82,0, $ 0.45 ,0,0, $ -   
Prospecting,Audience | CRM/POS-based Lookalike Audience,Creative 8,300x250,11/3/2025,5293,5, $ 29.11 ,3,457, $ 15.70 
Prospecting,Audience | Near-Market Cannabis Consumers,Creative 1,300x250,11/3/2025,1,0, $ 0.01 ,0,0, $ -   
Prospecting,Audience | Near-Market Cannabis Consumers,Creative 2,320x50,11/4/2025,1645,0, $ 9.05 ,0,0, $ -   
Prospecting,Audience | Near-Market Cannabis Consumers,Creative 2,320x100,11/4/2025,121,0, $ 0.67 ,0,0, $ -   
Prospecting,Audience | Near-Market Cannabis Consumers,Creative 2,160x600,11/4/2025,57,0, $ 0.31 ,0,0, $ -   
Prospecting,Audience | Near-Market Cannabis Consumers,Creative 2,728x90,11/4/2025,435,0, $ 2.39 ,0,0, $ -   
Prospecting,Audience | Near-Market Cannabis Consumers,Creative 2,320x50,11/3/2025,2149,3, $ 11.82 ,1,100, $ 8.46 
Prospecting,Audience | Near-Market Cannabis Consumers,Creative 2,320x100,11/3/2025,130,0, $ 0.72 ,0,0, $ -   
Prospecting,Audience | Near-Market Cannabis Consumers,Creative 2,160x600,11/3/2025,99,0, $ 0.54 ,1,344, $ 631.77 
Prospecting,Audience | Near-Market Cannabis Consumers,Creative 2,728x90,11/3/2025,468,1, $ 2.57 ,0,0, $ -   
Prospecting,Audience | Near-Market Cannabis Consumers,Creative 3,nullxnull,11/3/2025,2,1, $ 0.01 ,0,0, $ -   
Prospecting,Audience | Near-Market Cannabis Consumers,Creative 4,320x50,11/6/2025,1,0, $ 0.01 ,0,0, $ -   
Prospecting,Audience | Near-Market Cannabis Consumers,Creative 4,320x50,11/4/2025,1,0, $ 0.01 ,3,1280," $ 232,727.27 "
Prospecting,Audience | Near-Market Cannabis Consumers,Creative 4,320x50,11/3/2025,1,0, $ 0.01 ,0,0, $ -   
Prospecting,Audience | Near-Market Cannabis Consumers,Creative 5,300x250,11/8/2025,1,0, $ 0.01 ,1,30.25," $ 5,500.00 "
Prospecting,Audience | Near-Market Cannabis Consumers,Creative 5,300x250,11/7/2025,1,0, $ 0.01 ,0,0, $ -   
Prospecting,Audience | Near-Market Cannabis Consumers,Creative 5,320x50,11/6/2025,2,0, $ 0.01 ,2,153," $ 13,909.09 "
Prospecting,Audience | Near-Market Cannabis Consumers,Creative 5,300x250,11/5/2025,2,0, $ 0.01 ,1,24.75," $ 2,250.00 "
Prospecting,Audience | Near-Market Cannabis Consumers,Creative 5,320x50,11/4/2025,1625,2, $ 8.94 ,0,0, $ -   
Prospecting,Audience | Near-Market Cannabis Consumers,Creative 5,320x100,11/4/2025,112,0, $ 0.62 ,0,0, $ -   
Prospecting,Audience | Near-Market Cannabis Consumers,Creative 5,300x250,11/4/2025,3861,4, $ 21.24 ,0,0, $ -   
Prospecting,Audience | Near-Market Cannabis Consumers,Creative 5,728x90,11/4/2025,425,0, $ 2.34 ,0,0, $ -   
Prospecting,Audience | Near-Market Cannabis Consumers,Creative 5,160x600,11/4/2025,53,0, $ 0.29 ,0,0, $ -   
Prospecting,Audience | Near-Market Cannabis Consumers,Creative 5,160x600,11/3/2025,96,0, $ 0.53 ,0,0, $ -   
Prospecting,Audience | Near-Market Cannabis Consumers,Creative 5,320x100,11/3/2025,135,1, $ 0.74 ,0,0, $ -   
Prospecting,Audience | Near-Market Cannabis Consumers,Creative 5,300x250,11/3/2025,4832,2, $ 26.58 ,0,0, $ -   
Prospecting,Audience | Near-Market Cannabis Consumers,Creative 5,728x90,11/3/2025,453,1, $ 2.49 ,0,0, $ -   
Prospecting,Audience | Near-Market Cannabis Consumers,Creative 5,320x50,11/3/2025,2185,0, $ 12.02 ,2,102, $ 8.49 
Prospecting,Audience | Near-Market Cannabis Consumers,Creative 6,300x250,11/6/2025,2,1, $ 0.01 ,0,0, $ -   
Prospecting,Audience | Near-Market Cannabis Consumers,Creative 6,320x50,11/6/2025,2,0, $ 0.01 ,0,0, $ -   
Prospecting,Audience | Near-Market Cannabis Consumers,Creative 6,320x50,11/4/2025,1820,0, $ 10.01 ,0,0, $ -   
Prospecting,Audience | Near-Market Cannabis Consumers,Creative 6,160x600,11/4/2025,56,0, $ 0.31 ,0,0, $ -   
Prospecting,Audience | Near-Market Cannabis Consumers,Creative 6,320x100,11/4/2025,96,0, $ 0.53 ,0,0, $ -   
Prospecting,Audience | Near-Market Cannabis Consumers,Creative 6,728x90,11/4/2025,427,0, $ 2.35 ,0,0, $ -   
Prospecting,Audience | Near-Market Cannabis Consumers,Creative 6,300x250,11/4/2025,4245,2, $ 23.35 ,0,0, $ -   
Prospecting,Audience | Near-Market Cannabis Consumers,Creative 6,320x100,11/3/2025,209,1, $ 1.15 ,0,0, $ -   
Prospecting,Audience | Near-Market Cannabis Consumers,Creative 6,160x600,11/3/2025,104,0, $ 0.57 ,0,0, $ -   
Prospecting,Audience | Near-Market Cannabis Consumers,Creative 6,300x250,11/3/2025,5336,2, $ 29.35 ,0,0, $ -   
Prospecting,Audience | Near-Market Cannabis Consumers,Creative 6,728x90,11/3/2025,534,3, $ 2.94 ,0,0, $ -   
Prospecting,Audience | Near-Market Cannabis Consumers,Creative 6,320x50,11/3/2025,2586,3, $ 14.22 ,1,28, $ 1.97 
Prospecting,Audience | Near-Market Cannabis Consumers,Creative 7,320x50,11/6/2025,4,1, $ 0.02 ,0,0, $ -   
Prospecting,Audience | Near-Market Cannabis Consumers,Creative 7,300x250,11/6/2025,2,2, $ 0.01 ,0,0, $ -   
Prospecting,Audience | Near-Market Cannabis Consumers,Creative 7,728x90,11/6/2025,1,0, $ 0.01 ,0,0, $ -   
Prospecting,Audience | Near-Market Cannabis Consumers,Creative 7,320x50,11/5/2025,2,1, $ 0.01 ,0,37.5," $ 3,409.09 "
Prospecting,Audience | Near-Market Cannabis Consumers,Creative 7,320x50,11/4/2025,1678,2, $ 9.23 ,0,0, $ -   
Prospecting,Audience | Near-Market Cannabis Consumers,Creative 7,320x100,11/4/2025,142,0, $ 0.78 ,0,0, $ -   
Prospecting,Audience | Near-Market Cannabis Consumers,Creative 7,728x90,11/4/2025,415,1, $ 2.28 ,0,0, $ -   
Prospecting,Audience | Near-Market Cannabis Consumers,Creative 7,160x600,11/4/2025,51,0, $ 0.28 ,0,0, $ -   
Prospecting,Audience | Near-Market Cannabis Consumers,Creative 7,300x250,11/4/2025,3985,3, $ 21.92 ,0,0, $ -   
Prospecting,Audience | Near-Market Cannabis Consumers,Creative 7,320x50,11/3/2025,2223,2, $ 12.23 ,0,0, $ -   
Prospecting,Audience | Near-Market Cannabis Consumers,Creative 7,320x100,11/3/2025,124,0, $ 0.68 ,0,0, $ -   
Prospecting,Audience | Near-Market Cannabis Consumers,Creative 7,728x90,11/3/2025,478,0, $ 2.63 ,1,120, $ 45.64 
Prospecting,Audience | Near-Market Cannabis Consumers,Creative 7,300x250,11/3/2025,4836,3, $ 26.60 ,0,0, $ -   
Prospecting,Audience | Near-Market Cannabis Consumers,Creative 7,160x600,11/3/2025,102,0, $ 0.56 ,0,0, $ -   
Prospecting,Audience | Near-Market Cannabis Consumers,Creative 8,300x250,11/6/2025,2,1, $ 0.01 ,0,0, $ -   
Prospecting,Audience | Near-Market Cannabis Consumers,Creative 8,300x250,11/4/2025,4381,8, $ 24.10 ,0,0, $ -   
Prospecting,Audience | Near-Market Cannabis Consumers,Creative 8,728x90,11/4/2025,454,4, $ 2.50 ,0,0, $ -   
Prospecting,Audience | Near-Market Cannabis Consumers,Creative 8,160x600,11/4/2025,36,0, $ 0.20 ,0,0, $ -   
Prospecting,Audience | Near-Market Cannabis Consumers,Creative 8,320x100,11/4/2025,120,0, $ 0.66 ,0,0, $ -   
Prospecting,Audience | Near-Market Cannabis Consumers,Creative 8,320x50,11/4/2025,1838,2, $ 10.11 ,0,0, $ -   
Prospecting,Audience | Near-Market Cannabis Consumers,Creative 8,320x100,11/3/2025,140,1, $ 0.77 ,0,0, $ -   
Prospecting,Audience | Near-Market Cannabis Consumers,Creative 8,320x50,11/3/2025,2578,2, $ 14.18 ,0,10, $ 0.71 
Prospecting,Audience | Near-Market Cannabis Consumers,Creative 8,160x600,11/3/2025,118,1, $ 0.65 ,0,0, $ -   
Prospecting,Audience | Near-Market Cannabis Consumers,Creative 8,728x90,11/3/2025,530,1, $ 2.92 ,0,0, $ -   
Prospecting,Audience | Near-Market Cannabis Consumers,Creative 8,300x250,11/3/2025,5173,3, $ 28.45 ,0,0, $ -   
Prospecting,Location | Geo-Conquest Customers of Nearby Competitors,Creative 1,300x250,11/7/2025,1,0, $ 0.01 ,0,0, $ -   
Prospecting,Location | Geo-Conquest Customers of Nearby Competitors,Creative 1,300x250,11/6/2025,1,0, $ 0.01 ,0,0, $ -   
Prospecting,Location | Geo-Conquest Customers of Nearby Competitors,Creative 1,300x250,11/4/2025,1,0, $ 0.01 ,1,35," $ 6,363.64 "
Prospecting,Location | Geo-Conquest Customers of Nearby Competitors,Creative 2,160x600,11/9/2025,1,0, $ 0.01 ,0,0, $ -   
Prospecting,Location | Geo-Conquest Customers of Nearby Competitors,Creative 2,160x600,11/7/2025,1,0, $ 0.01 ,0,0, $ -   
Prospecting,Location | Geo-Conquest Customers of Nearby Competitors,Creative 2,320x50,11/5/2025,1,0, $ 0.01 ,0,0, $ -   
Prospecting,Location | Geo-Conquest Customers of Nearby Competitors,Creative 2,728x90,11/4/2025,809,2, $ 4.45 ,0,0, $ -   
Prospecting,Location | Geo-Conquest Customers of Nearby Competitors,Creative 2,160x600,11/4/2025,127,0, $ 0.70 ,0,0, $ -   
Prospecting,Location | Geo-Conquest Customers of Nearby Competitors,Creative 2,320x50,11/4/2025,3323,5, $ 18.28 ,0,0, $ -   
Prospecting,Location | Geo-Conquest Customers of Nearby Competitors,Creative 2,320x100,11/4/2025,199,1, $ 1.09 ,0,0, $ -   
Prospecting,Location | Geo-Conquest Customers of Nearby Competitors,Creative 2,320x100,11/3/2025,224,1, $ 1.23 ,0,0, $ -   
Prospecting,Location | Geo-Conquest Customers of Nearby Competitors,Creative 2,728x90,11/3/2025,677,1, $ 3.72 ,0,0, $ -   
Prospecting,Location | Geo-Conquest Customers of Nearby Competitors,Creative 2,160x600,11/3/2025,122,0, $ 0.67 ,0,0, $ -   
Prospecting,Location | Geo-Conquest Customers of Nearby Competitors,Creative 2,320x50,11/3/2025,3160,6, $ 17.38 ,0,10, $ 0.58 
Prospecting,Location | Geo-Conquest Customers of Nearby Competitors,Creative 3,320x50,11/8/2025,1,0, $ 0.01 ,0,0, $ -   
Prospecting,Location | Geo-Conquest Customers of Nearby Competitors,Creative 3,320x50,11/7/2025,1,0, $ 0.01 ,0,0, $ -   
Prospecting,Location | Geo-Conquest Customers of Nearby Competitors,Creative 3,300x250,11/6/2025,2,0, $ 0.01 ,0,0, $ -   
Prospecting,Location | Geo-Conquest Customers of Nearby Competitors,Creative 3,320x50,11/5/2025,2,0, $ 0.01 ,0,0, $ -   
Prospecting,Location | Geo-Conquest Customers of Nearby Competitors,Creative 3,300x250,11/4/2025,3,0, $ 0.02 ,0,0, $ -   
Prospecting,Location | Geo-Conquest Customers of Nearby Competitors,Creative 4,160x600,11/5/2025,1,0, $ 0.01 ,0,0, $ -   
Prospecting,Location | Geo-Conquest Customers of Nearby Competitors,Creative 4,160x600,11/4/2025,1,0, $ 0.01 ,0,0, $ -   
Prospecting,Location | Geo-Conquest Customers of Nearby Competitors,Creative 5,320x50,11/8/2025,1,0, $ 0.01 ,0,0, $ -   
Prospecting,Location | Geo-Conquest Customers of Nearby Competitors,Creative 5,320x50,11/7/2025,1,0, $ 0.01 ,0,0, $ -   
Prospecting,Location | Geo-Conquest Customers of Nearby Competitors,Creative 5,320x50,11/6/2025,6,3, $ 0.03 ,1,30.74, $ 931.52 
Prospecting,Location | Geo-Conquest Customers of Nearby Competitors,Creative 5,300x250,11/6/2025,2,1, $ 0.01 ,0,0, $ -   
Prospecting,Location | Geo-Conquest Customers of Nearby Competitors,Creative 5,320x50,11/5/2025,1,0, $ 0.01 ,0,0, $ -   
Prospecting,Location | Geo-Conquest Customers of Nearby Competitors,Creative 5,728x90,11/5/2025,1,0, $ 0.01 ,0,0, $ -   
Prospecting,Location | Geo-Conquest Customers of Nearby Competitors,Creative 5,320x50,11/4/2025,3363,11, $ 18.50 ,1,85, $ 4.60 
Prospecting,Location | Geo-Conquest Customers of Nearby Competitors,Creative 5,160x600,11/4/2025,118,2, $ 0.65 ,0,0, $ -   
Prospecting,Location | Geo-Conquest Customers of Nearby Competitors,Creative 5,320x100,11/4/2025,190,1, $ 1.05 ,0,0, $ -   
Prospecting,Location | Geo-Conquest Customers of Nearby Competitors,Creative 5,300x250,11/4/2025,8872,5, $ 48.80 ,0,0, $ -   
Prospecting,Location | Geo-Conquest Customers of Nearby Competitors,Creative 5,728x90,11/4/2025,776,4, $ 4.27 ,0,0, $ -   
Prospecting,Location | Geo-Conquest Customers of Nearby Competitors,Creative 5,160x600,11/3/2025,102,1, $ 0.56 ,0,0, $ -   
Prospecting,Location | Geo-Conquest Customers of Nearby Competitors,Creative 5,300x250,11/3/2025,7082,6, $ 38.95 ,2,262.5, $ 6.74 
Prospecting,Location | Geo-Conquest Customers of Nearby Competitors,Creative 5,320x100,11/3/2025,208,1, $ 1.14 ,0,0, $ -   
Prospecting,Location | Geo-Conquest Customers of Nearby Competitors,Creative 5,728x90,11/3/2025,680,1, $ 3.74 ,0,0, $ -   
Prospecting,Location | Geo-Conquest Customers of Nearby Competitors,Creative 5,320x50,11/3/2025,3204,1, $ 17.62 ,0,0, $ -   
Prospecting,Location | Geo-Conquest Customers of Nearby Competitors,Creative 6,320x50,11/8/2025,1,0, $ 0.01 ,2,119," $ 21,636.36 "
Prospecting,Location | Geo-Conquest Customers of Nearby Competitors,Creative 6,300x250,11/8/2025,1,0, $ 0.01 ,0,0, $ -   
Prospecting,Location | Geo-Conquest Customers of Nearby Competitors,Creative 6,320x50,11/7/2025,1,0, $ 0.01 ,1,202.5," $ 36,818.18 "
Prospecting,Location | Geo-Conquest Customers of Nearby Competitors,Creative 6,320x50,11/6/2025,2,0, $ 0.01 ,1,82.5," $ 7,500.00 "
Prospecting,Location | Geo-Conquest Customers of Nearby Competitors,Creative 6,300x250,11/6/2025,1,0, $ 0.01 ,1,138," $ 25,090.91 "
Prospecting,Location | Geo-Conquest Customers of Nearby Competitors,Creative 6,300x250,11/5/2025,6,0, $ 0.03 ,2,284.25," $ 8,613.64 "
Prospecting,Location | Geo-Conquest Customers of Nearby Competitors,Creative 6,320x50,11/5/2025,6,0, $ 0.03 ,0,0, $ -   
Prospecting,Location | Geo-Conquest Customers of Nearby Competitors,Creative 6,728x90,11/4/2025,833,0, $ 4.58 ,0,0, $ -   
Prospecting,Location | Geo-Conquest Customers of Nearby Competitors,Creative 6,320x50,11/4/2025,3642,2, $ 20.03 ,0,0, $ -   
Prospecting,Location | Geo-Conquest Customers of Nearby Competitors,Creative 6,300x250,11/4/2025,9220,8, $ 50.71 ,0,0, $ -   
Prospecting,Location | Geo-Conquest Customers of Nearby Competitors,Creative 6,320x100,11/4/2025,179,0, $ 0.98 ,0,0, $ -   
Prospecting,Location | Geo-Conquest Customers of Nearby Competitors,Creative 6,160x600,11/4/2025,107,1, $ 0.59 ,0,0, $ -   
Prospecting,Location | Geo-Conquest Customers of Nearby Competitors,Creative 6,320x50,11/3/2025,3593,2, $ 19.76 ,0,0, $ -   
Prospecting,Location | Geo-Conquest Customers of Nearby Competitors,Creative 6,300x250,11/3/2025,7750,3, $ 42.62 ,0,0, $ -   
Prospecting,Location | Geo-Conquest Customers of Nearby Competitors,Creative 6,728x90,11/3/2025,715,0, $ 3.93 ,0,0, $ -   
Prospecting,Location | Geo-Conquest Customers of Nearby Competitors,Creative 6,320x100,11/3/2025,301,0, $ 1.66 ,0,0, $ -   
Prospecting,Location | Geo-Conquest Customers of Nearby Competitors,Creative 6,160x600,11/3/2025,90,0, $ 0.50 ,0,0, $ -   
Prospecting,Location | Geo-Conquest Customers of Nearby Competitors,Creative 7,300x250,11/9/2025,1,0, $ 0.01 ,0,0, $ -   
Prospecting,Location | Geo-Conquest Customers of Nearby Competitors,Creative 7,320x100,11/9/2025,1,0, $ 0.01 ,0,0, $ -   
Prospecting,Location | Geo-Conquest Customers of Nearby Competitors,Creative 7,300x250,11/8/2025,1,0, $ 0.01 ,0,0, $ -   
Prospecting,Location | Geo-Conquest Customers of Nearby Competitors,Creative 7,320x100,11/6/2025,2,0, $ 0.01 ,0,0, $ -   
Prospecting,Location | Geo-Conquest Customers of Nearby Competitors,Creative 7,300x250,11/6/2025,2,1, $ 0.01 ,0,0, $ -   
Prospecting,Location | Geo-Conquest Customers of Nearby Competitors,Creative 7,320x50,11/6/2025,3,1, $ 0.02 ,0,0, $ -   
Prospecting,Location | Geo-Conquest Customers of Nearby Competitors,Creative 7,320x50,11/5/2025,1,0, $ 0.01 ,0,17.5," $ 3,181.82 "
Prospecting,Location | Geo-Conquest Customers of Nearby Competitors,Creative 7,300x250,11/5/2025,2,0, $ 0.01 ,0,17.5," $ 1,590.91 "
Prospecting,Location | Geo-Conquest Customers of Nearby Competitors,Creative 7,320x50,11/4/2025,3235,3, $ 17.79 ,2,475, $ 26.70 
Prospecting,Location | Geo-Conquest Customers of Nearby Competitors,Creative 7,160x600,11/4/2025,99,1, $ 0.54 ,0,0, $ -   
Prospecting,Location | Geo-Conquest Customers of Nearby Competitors,Creative 7,320x100,11/4/2025,244,1, $ 1.34 ,0,0, $ -   
Prospecting,Location | Geo-Conquest Customers of Nearby Competitors,Creative 7,300x250,11/4/2025,8951,9, $ 49.23 ,1,110, $ 2.23 
Prospecting,Location | Geo-Conquest Customers of Nearby Competitors,Creative 7,728x90,11/4/2025,786,3, $ 4.32 ,0,0, $ -   
Prospecting,Location | Geo-Conquest Customers of Nearby Competitors,Creative 7,160x600,11/3/2025,114,0, $ 0.63 ,0,0, $ -   
Prospecting,Location | Geo-Conquest Customers of Nearby Competitors,Creative 7,300x250,11/3/2025,7015,8, $ 38.58 ,0,0, $ -   
Prospecting,Location | Geo-Conquest Customers of Nearby Competitors,Creative 7,728x90,11/3/2025,715,2, $ 3.93 ,1,160, $ 40.69 
Prospecting,Location | Geo-Conquest Customers of Nearby Competitors,Creative 7,320x100,11/3/2025,217,1, $ 1.19 ,0,0, $ -   
Prospecting,Location | Geo-Conquest Customers of Nearby Competitors,Creative 7,320x50,11/3/2025,3166,3, $ 17.41 ,0,0, $ -   
Prospecting,Location | Geo-Conquest Customers of Nearby Competitors,Creative 8,300x250,11/9/2025,1,0, $ 0.01 ,0,0, $ -   
Prospecting,Location | Geo-Conquest Customers of Nearby Competitors,Creative 8,320x50,11/9/2025,2,0, $ 0.01 ,0,0, $ -   
Prospecting,Location | Geo-Conquest Customers of Nearby Competitors,Creative 8,320x50,11/8/2025,1,0, $ 0.01 ,0,0, $ -   
Prospecting,Location | Geo-Conquest Customers of Nearby Competitors,Creative 8,300x250,11/6/2025,2,1, $ 0.01 ,1,129.25," $ 11,750.00 "
Prospecting,Location | Geo-Conquest Customers of Nearby Competitors,Creative 8,320x50,11/6/2025,2,1, $ 0.01 ,1,28," $ 2,545.45 "
Prospecting,Location | Geo-Conquest Customers of Nearby Competitors,Creative 8,160x600,11/6/2025,2,1, $ 0.01 ,0,0, $ -   
Prospecting,Location | Geo-Conquest Customers of Nearby Competitors,Creative 8,300x250,11/5/2025,1,0, $ 0.01 ,0,0, $ -   
Prospecting,Location | Geo-Conquest Customers of Nearby Competitors,Creative 8,320x50,11/4/2025,3609,7, $ 19.85 ,1,90, $ 4.53 
Prospecting,Location | Geo-Conquest Customers of Nearby Competitors,Creative 8,300x250,11/4/2025,9321,11, $ 51.27 ,0,0, $ -   
Prospecting,Location | Geo-Conquest Customers of Nearby Competitors,Creative 8,320x100,11/4/2025,195,1, $ 1.07 ,0,0, $ -   
Prospecting,Location | Geo-Conquest Customers of Nearby Competitors,Creative 8,160x600,11/4/2025,111,1, $ 0.61 ,0,0, $ -   
Prospecting,Location | Geo-Conquest Customers of Nearby Competitors,Creative 8,nullxnull,11/4/2025,1,1, $ 0.01 ,0,0, $ -   
Prospecting,Location | Geo-Conquest Customers of Nearby Competitors,Creative 8,728x90,11/4/2025,750,3, $ 4.13 ,1,100, $ 24.24 
Prospecting,Location | Geo-Conquest Customers of Nearby Competitors,Creative 8,320x50,11/3/2025,3622,3, $ 19.92 ,1,230, $ 11.55 
Prospecting,Location | Geo-Conquest Customers of Nearby Competitors,Creative 8,728x90,11/3/2025,717,2, $ 3.94 ,0,0, $ -   
Prospecting,Location | Geo-Conquest Customers of Nearby Competitors,Creative 8,320x100,11/3/2025,198,0, $ 1.09 ,0,0, $ -   
Prospecting,Location | Geo-Conquest Customers of Nearby Competitors,Creative 8,160x600,11/3/2025,116,2, $ 0.64 ,0,0, $ -   
Prospecting,Location | Geo-Conquest Customers of Nearby Competitors,Creative 8,300x250,11/3/2025,7734,1, $ 42.54 ,1,85, $ 2.00 
Retention,Audience | Lapsed Purchasers (Last Purchased between 45 days and 12 months),Creative 2,320x100,11/4/2025,107,0, $ 0.59 ,0,0, $ -   
Retention,Audience | Lapsed Purchasers (Last Purchased between 45 days and 12 months),Creative 2,728x90,11/4/2025,359,0, $ 1.97 ,0,0, $ -   
Retention,Audience | Lapsed Purchasers (Last Purchased between 45 days and 12 months),Creative 2,320x50,11/4/2025,1244,1, $ 6.84 ,0,0, $ -   
Retention,Audience | Lapsed Purchasers (Last Purchased between 45 days and 12 months),Creative 2,160x600,11/4/2025,37,0, $ 0.20 ,0,0, $ -   
Retention,Audience | Lapsed Purchasers (Last Purchased between 45 days and 12 months),Creative 2,160x600,11/3/2025,64,0, $ 0.35 ,0,0, $ -   
Retention,Audience | Lapsed Purchasers (Last Purchased between 45 days and 12 months),Creative 2,728x90,11/3/2025,308,0, $ 1.69 ,0,0, $ -   
Retention,Audience | Lapsed Purchasers (Last Purchased between 45 days and 12 months),Creative 2,320x100,11/3/2025,102,1, $ 0.56 ,0,0, $ -   
Retention,Audience | Lapsed Purchasers (Last Purchased between 45 days and 12 months),Creative 2,320x50,11/3/2025,1416,2, $ 7.79 ,0,0, $ -   
Retention,Audience | Lapsed Purchasers (Last Purchased between 45 days and 12 months),Creative 6,320x50,11/6/2025,2,1, $ 0.01 ,0,0, $ -   
Retention,Audience | Lapsed Purchasers (Last Purchased between 45 days and 12 months),Creative 6,728x90,11/4/2025,344,0, $ 1.89 ,0,0, $ -   
Retention,Audience | Lapsed Purchasers (Last Purchased between 45 days and 12 months),Creative 6,300x250,11/4/2025,3284,2, $ 18.06 ,0,0, $ -   
Retention,Audience | Lapsed Purchasers (Last Purchased between 45 days and 12 months),Creative 6,320x50,11/4/2025,1398,0, $ 7.69 ,1,80, $ 10.40 
Retention,Audience | Lapsed Purchasers (Last Purchased between 45 days and 12 months),Creative 6,320x100,11/4/2025,60,0, $ 0.33 ,0,0, $ -   
Retention,Audience | Lapsed Purchasers (Last Purchased between 45 days and 12 months),Creative 6,160x600,11/4/2025,44,0, $ 0.24 ,0,0, $ -   
Retention,Audience | Lapsed Purchasers (Last Purchased between 45 days and 12 months),Creative 6,320x100,11/3/2025,154,0, $ 0.85 ,0,0, $ -   
Retention,Audience | Lapsed Purchasers (Last Purchased between 45 days and 12 months),Creative 6,160x600,11/3/2025,77,0, $ 0.42 ,0,0, $ -   
Retention,Audience | Lapsed Purchasers (Last Purchased between 45 days and 12 months),Creative 6,728x90,11/3/2025,378,0, $ 2.08 ,0,0, $ -   
Retention,Audience | Lapsed Purchasers (Last Purchased between 45 days and 12 months),Creative 6,300x250,11/3/2025,3723,1, $ 20.48 ,0,0, $ -   
Retention,Audience | Lapsed Purchasers (Last Purchased between 45 days and 12 months),Creative 6,320x50,11/3/2025,1759,3, $ 9.67 ,0,0, $ -   
Retention,Audience | Lapsed Purchasers (Last Purchased between 45 days and 12 months),Creative 7,320x100,11/4/2025,112,0, $ 0.62 ,0,0, $ -   
Retention,Audience | Lapsed Purchasers (Last Purchased between 45 days and 12 months),Creative 7,728x90,11/4/2025,304,2, $ 1.67 ,0,0, $ -   
Retention,Audience | Lapsed Purchasers (Last Purchased between 45 days and 12 months),Creative 7,300x250,11/4/2025,3081,4, $ 16.95 ,0,0, $ -   
Retention,Audience | Lapsed Purchasers (Last Purchased between 45 days and 12 months),Creative 7,320x50,11/4/2025,1167,1, $ 6.42 ,0,0, $ -   
Retention,Audience | Lapsed Purchasers (Last Purchased between 45 days and 12 months),Creative 7,160x600,11/4/2025,36,0, $ 0.20 ,0,0, $ -   
Retention,Audience | Lapsed Purchasers (Last Purchased between 45 days and 12 months),Creative 7,160x600,11/3/2025,64,0, $ 0.35 ,0,0, $ -   
Retention,Audience | Lapsed Purchasers (Last Purchased between 45 days and 12 months),Creative 7,300x250,11/3/2025,3385,1, $ 18.62 ,2,132.5, $ 7.12 
Retention,Audience | Lapsed Purchasers (Last Purchased between 45 days and 12 months),Creative 7,320x50,11/3/2025,1457,1, $ 8.01 ,0,0, $ -   
Retention,Audience | Lapsed Purchasers (Last Purchased between 45 days and 12 months),Creative 7,320x100,11/3/2025,93,0, $ 0.51 ,0,0, $ -   
Retention,Audience | Lapsed Purchasers (Last Purchased between 45 days and 12 months),Creative 7,728x90,11/3/2025,338,0, $ 1.86 ,0,0, $ -   
Retention,Audience | Lapsed Purchasers (Last Purchased between 45 days and 12 months),Creative 8,320x50,11/6/2025,2,0, $ 0.01 ,0,42," $ 3,818.18 "
Retention,Audience | Lapsed Purchasers (Last Purchased between 45 days and 12 months),Creative 8,300x250,11/5/2025,2,0, $ 0.01 ,0,0, $ -   
Retention,Audience | Lapsed Purchasers (Last Purchased between 45 days and 12 months),Creative 8,300x250,11/4/2025,3164,1, $ 17.40 ,0,42.5, $ 2.44 
Retention,Audience | Lapsed Purchasers (Last Purchased between 45 days and 12 months),Creative 8,320x50,11/4/2025,1314,3, $ 7.23 ,0,0, $ -   
Retention,Audience | Lapsed Purchasers (Last Purchased between 45 days and 12 months),Creative 8,160x600,11/4/2025,40,0, $ 0.22 ,0,0, $ -   
Retention,Audience | Lapsed Purchasers (Last Purchased between 45 days and 12 months),Creative 8,728x90,11/4/2025,328,0, $ 1.80 ,0,0, $ -   
Retention,Audience | Lapsed Purchasers (Last Purchased between 45 days and 12 months),Creative 8,320x100,11/4/2025,84,0, $ 0.46 ,0,0, $ -   
Retention,Audience | Lapsed Purchasers (Last Purchased between 45 days and 12 months),Creative 8,728x90,11/3/2025,387,0, $ 2.13 ,0,0, $ -   
Retention,Audience | Lapsed Purchasers (Last Purchased between 45 days and 12 months),Creative 8,160x600,11/3/2025,71,0, $ 0.39 ,0,0, $ -   
Retention,Audience | Lapsed Purchasers (Last Purchased between 45 days and 12 months),Creative 8,320x50,11/3/2025,1827,3, $ 10.05 ,0,0, $ -   
Retention,Audience | Lapsed Purchasers (Last Purchased between 45 days and 12 months),Creative 8,300x250,11/3/2025,3729,1, $ 20.51 ,1,100, $ 4.88 
Retention,Audience | Lapsed Purchasers (Last Purchased between 45 days and 12 months),Creative 8,320x100,11/3/2025,79,0, $ 0.43 ,0,0, $ -   
Retention,Audience | Recent Purchasers (Last Purchased within the last 45 days),Creative 2,160x600,11/4/2025,22,0, $ 0.12 ,0,0, $ -   
Retention,Audience | Recent Purchasers (Last Purchased within the last 45 days),Creative 2,728x90,11/4/2025,226,0, $ 1.24 ,0,0, $ -   
Retention,Audience | Recent Purchasers (Last Purchased within the last 45 days),Creative 2,320x100,11/4/2025,40,0, $ 0.22 ,0,0, $ -   
Retention,Audience | Recent Purchasers (Last Purchased within the last 45 days),Creative 2,320x50,11/4/2025,1747,0, $ 9.61 ,3,372.5, $ 38.77 
Retention,Audience | Recent Purchasers (Last Purchased within the last 45 days),Creative 2,160x600,11/3/2025,53,0, $ 0.29 ,0,0, $ -   
Retention,Audience | Recent Purchasers (Last Purchased within the last 45 days),Creative 2,728x90,11/3/2025,247,0, $ 1.36 ,0,0, $ -   
Retention,Audience | Recent Purchasers (Last Purchased within the last 45 days),Creative 2,320x100,11/3/2025,56,1, $ 0.31 ,0,0, $ -   
Retention,Audience | Recent Purchasers (Last Purchased within the last 45 days),Creative 2,320x50,11/3/2025,2100,1, $ 11.55 ,4,910, $ 78.79 
Retention,Audience | Recent Purchasers (Last Purchased within the last 45 days),Creative 3,300x250,11/3/2025,2,0, $ 0.01 ,3,213.5," $ 19,409.09 "
Retention,Audience | Recent Purchasers (Last Purchased within the last 45 days),Creative 6,320x100,11/4/2025,46,1, $ 0.25 ,0,0, $ -   
Retention,Audience | Recent Purchasers (Last Purchased within the last 45 days),Creative 6,300x250,11/4/2025,2697,9, $ 14.83 ,4,622, $ 41.93 
Retention,Audience | Recent Purchasers (Last Purchased within the last 45 days),Creative 6,160x600,11/4/2025,25,0, $ 0.14 ,0,20, $ 145.45 
Retention,Audience | Recent Purchasers (Last Purchased within the last 45 days),Creative 6,320x50,11/4/2025,2055,5, $ 11.30 ,2,407.5, $ 36.05 
Retention,Audience | Recent Purchasers (Last Purchased within the last 45 days),Creative 6,728x90,11/4/2025,201,0, $ 1.11 ,0,0, $ -   
Retention,Audience | Recent Purchasers (Last Purchased within the last 45 days),Creative 6,728x90,11/3/2025,266,0, $ 1.46 ,0,0, $ -   
Retention,Audience | Recent Purchasers (Last Purchased within the last 45 days),Creative 6,300x250,11/3/2025,3049,2, $ 16.77 ,3,440.33, $ 26.26 
Retention,Audience | Recent Purchasers (Last Purchased within the last 45 days),Creative 6,320x50,11/3/2025,2446,1, $ 13.45 ,4,615.5, $ 45.75 
Retention,Audience | Recent Purchasers (Last Purchased within the last 45 days),Creative 6,320x100,11/3/2025,71,0, $ 0.39 ,0,0, $ -   
Retention,Audience | Recent Purchasers (Last Purchased within the last 45 days),Creative 6,160x600,11/3/2025,54,0, $ 0.30 ,0,0, $ -   
Retention,Audience | Recent Purchasers (Last Purchased within the last 45 days),Creative 7,160x600,11/4/2025,44,0, $ 0.24 ,0,0, $ -   
Retention,Audience | Recent Purchasers (Last Purchased within the last 45 days),Creative 7,320x50,11/4/2025,1708,0, $ 9.39 ,2,266, $ 28.32 
Retention,Audience | Recent Purchasers (Last Purchased within the last 45 days),Creative 7,300x250,11/4/2025,2465,10, $ 13.56 ,4,387.5, $ 28.58 
Retention,Audience | Recent Purchasers (Last Purchased within the last 45 days),Creative 7,728x90,11/4/2025,187,0, $ 1.03 ,0,0, $ -   
Retention,Audience | Recent Purchasers (Last Purchased within the last 45 days),Creative 7,320x100,11/4/2025,69,2, $ 0.38 ,0,0, $ -   
Retention,Audience | Recent Purchasers (Last Purchased within the last 45 days),Creative 7,320x50,11/3/2025,2212,3, $ 12.17 ,3,435, $ 35.76 
Retention,Audience | Recent Purchasers (Last Purchased within the last 45 days),Creative 7,320x100,11/3/2025,63,0, $ 0.35 ,0,0, $ -   
Retention,Audience | Recent Purchasers (Last Purchased within the last 45 days),Creative 7,300x250,11/3/2025,2803,3, $ 15.42 ,6,702, $ 45.54 
Retention,Audience | Recent Purchasers (Last Purchased within the last 45 days),Creative 7,728x90,11/3/2025,228,0, $ 1.25 ,0,0, $ -   
Retention,Audience | Recent Purchasers (Last Purchased within the last 45 days),Creative 7,160x600,11/3/2025,46,0, $ 0.25 ,0,0, $ -   
Retention,Audience | Recent Purchasers (Last Purchased within the last 45 days),Creative 8,300x250,11/6/2025,1,0, $ 0.01 ,2,143.5," $ 26,090.91 "
Retention,Audience | Recent Purchasers (Last Purchased within the last 45 days),Creative 8,320x50,11/5/2025,1,0, $ 0.01 ,2,67.5," $ 12,272.73 "
Retention,Audience | Recent Purchasers (Last Purchased within the last 45 days),Creative 8,160x600,11/4/2025,33,0, $ 0.18 ,0,0, $ -   
Retention,Audience | Recent Purchasers (Last Purchased within the last 45 days),Creative 8,320x100,11/4/2025,44,0, $ 0.24 ,0,0, $ -   
Retention,Audience | Recent Purchasers (Last Purchased within the last 45 days),Creative 8,320x50,11/4/2025,1945,1, $ 10.70 ,2,220, $ 20.57 
Retention,Audience | Recent Purchasers (Last Purchased within the last 45 days),Creative 8,728x90,11/4/2025,234,0, $ 1.29 ,0,0, $ -   
Retention,Audience | Recent Purchasers (Last Purchased within the last 45 days),Creative 8,300x250,11/4/2025,2543,6, $ 13.99 ,3,619, $ 44.26 
Retention,Audience | Recent Purchasers (Last Purchased within the last 45 days),Creative 8,300x250,11/3/2025,3060,3, $ 16.83 ,5,655, $ 38.92 
Retention,Audience | Recent Purchasers (Last Purchased within the last 45 days),Creative 8,728x90,11/3/2025,272,1, $ 1.50 ,0,0, $ -   
Retention,Audience | Recent Purchasers (Last Purchased within the last 45 days),Creative 8,320x100,11/3/2025,36,0, $ 0.20 ,0,0, $ -   
Retention,Audience | Recent Purchasers (Last Purchased within the last 45 days),Creative 8,320x50,11/3/2025,2498,3, $ 13.74 ,2,415.5, $ 30.24 
Retention,Audience | Recent Purchasers (Last Purchased within the last 45 days),Creative 8,160x600,11/3/2025,67,1, $ 0.37 ,0,0, $ -   
Retention,Retargeting	| Cart Abandoners,Creative 1,300x250,11/6/2025,1,0, $ 0.01 ,0,0, $ -   
Retention,Retargeting	| Cart Abandoners,Creative 1,300x250,11/5/2025,2,0, $ 0.01 ,0,0, $ -   
Retention,Retargeting	| Cart Abandoners,Creative 1,300x250,11/3/2025,1,0, $ 0.01 ,0,0, $ -   
Retention,Retargeting	| Cart Abandoners,Creative 2,320x100,11/4/2025,153,0, $ 0.92 ,0,0, $ -   
Retention,Retargeting	| Cart Abandoners,Creative 2,320x50,11/4/2025,1908,2, $ 11.45 ,1,59.33, $ 5.18 
Retention,Retargeting	| Cart Abandoners,Creative 2,728x90,11/4/2025,510,2, $ 3.06 ,0,0, $ -   
Retention,Retargeting	| Cart Abandoners,Creative 2,160x600,11/4/2025,64,0, $ 0.38 ,0,0, $ -   
Retention,Retargeting	| Cart Abandoners,Creative 2,320x100,11/3/2025,129,0, $ 0.77 ,0,0, $ -   
Retention,Retargeting	| Cart Abandoners,Creative 2,728x90,11/3/2025,643,1, $ 3.86 ,0,0, $ -   
Retention,Retargeting	| Cart Abandoners,Creative 2,320x50,11/3/2025,2594,6, $ 15.56 ,0,25, $ 1.61 
Retention,Retargeting	| Cart Abandoners,Creative 2,160x600,11/3/2025,169,2, $ 1.01 ,0,0, $ -   
Retention,Retargeting	| Cart Abandoners,Creative 3,320x50,11/5/2025,4,0, $ 0.02 ,0,0, $ -   
Retention,Retargeting	| Cart Abandoners,Creative 3,320x50,11/4/2025,0,0,,0,0,#DIV/0!
Retention,Retargeting	| Cart Abandoners,Creative 4,300x250,11/5/2025,1,0, $ 0.01 ,0,0, $ -   
Retention,Retargeting	| Cart Abandoners,Creative 4,300x250,11/4/2025,3,0, $ 0.02 ,0,0, $ -   
Retention,Retargeting	| Cart Abandoners,Creative 4,300x250,11/3/2025,2,0, $ 0.01 ,1,93," $ 7,750.00 "
Retention,Retargeting	| Cart Abandoners,Creative 6,300x250,11/6/2025,2,1, $ 0.01 ,1,33," $ 2,750.00 "
Retention,Retargeting	| Cart Abandoners,Creative 6,300x250,11/4/2025,5018,6, $ 30.11 ,1,151, $ 5.02 
Retention,Retargeting	| Cart Abandoners,Creative 6,320x50,11/4/2025,2134,1, $ 12.80 ,1,190, $ 14.84 
Retention,Retargeting	| Cart Abandoners,Creative 6,728x90,11/4/2025,565,0, $ 3.39 ,0,0, $ -   
Retention,Retargeting	| Cart Abandoners,Creative 6,320x100,11/4/2025,137,0, $ 0.82 ,0,0, $ -   
Retention,Retargeting	| Cart Abandoners,Creative 6,160x600,11/4/2025,45,0, $ 0.27 ,0,0, $ -   
Retention,Retargeting	| Cart Abandoners,Creative 6,300x250,11/3/2025,7345,8, $ 44.07 ,3,410, $ 9.30 
Retention,Retargeting	| Cart Abandoners,Creative 6,160x600,11/3/2025,127,0, $ 0.76 ,0,0, $ -   
Retention,Retargeting	| Cart Abandoners,Creative 6,728x90,11/3/2025,645,0, $ 3.87 ,0,0, $ -   
Retention,Retargeting	| Cart Abandoners,Creative 6,320x100,11/3/2025,282,1, $ 1.69 ,0,0, $ -   
Retention,Retargeting	| Cart Abandoners,Creative 6,320x50,11/3/2025,3095,2, $ 18.57 ,0,0, $ -   
Retention,Retargeting	| Cart Abandoners,Creative 7,320x100,11/8/2025,2,0, $ 0.01 ,0,0, $ -   
Retention,Retargeting	| Cart Abandoners,Creative 7,320x100,11/7/2025,1,0, $ 0.01 ,0,0, $ -   
Retention,Retargeting	| Cart Abandoners,Creative 7,320x50,11/6/2025,2,0, $ 0.01 ,0,0, $ -   
Retention,Retargeting	| Cart Abandoners,Creative 7,320x100,11/6/2025,1,0, $ 0.01 ,0,0, $ -   
Retention,Retargeting	| Cart Abandoners,Creative 7,300x250,11/5/2025,1,0, $ 0.01 ,1,75," $ 12,500.00 "
Retention,Retargeting	| Cart Abandoners,Creative 7,160x600,11/4/2025,52,0, $ 0.31 ,0,0, $ -   
Retention,Retargeting	| Cart Abandoners,Creative 7,728x90,11/4/2025,495,1, $ 2.97 ,1,28, $ 9.43 
Retention,Retargeting	| Cart Abandoners,Creative 7,320x50,11/4/2025,1843,2, $ 11.06 ,2,421, $ 38.07 
Retention,Retargeting	| Cart Abandoners,Creative 7,320x100,11/4/2025,166,0, $ 1.00 ,0,0, $ -   
Retention,Retargeting	| Cart Abandoners,Creative 7,300x250,11/4/2025,4620,5, $ 27.72 ,0,0, $ -   
Retention,Retargeting	| Cart Abandoners,Creative 7,320x50,11/3/2025,2606,0, $ 15.64 ,2,398, $ 25.45 
Retention,Retargeting	| Cart Abandoners,Creative 7,160x600,11/3/2025,168,1, $ 1.01 ,0,0, $ -   
Retention,Retargeting	| Cart Abandoners,Creative 7,728x90,11/3/2025,574,0, $ 3.44 ,0,0, $ -   
Retention,Retargeting	| Cart Abandoners,Creative 7,320x100,11/3/2025,168,0, $ 1.01 ,0,0, $ -   
Retention,Retargeting	| Cart Abandoners,Creative 7,300x250,11/3/2025,6931,0, $ 41.59 ,1,160, $ 3.85 
Retention,Retargeting	| Cart Abandoners,Creative 8,320x50,11/6/2025,2,1, $ 0.01 ,0,0, $ -   
Retention,Retargeting	| Cart Abandoners,Creative 8,160x600,11/4/2025,49,0, $ 0.29 ,0,0, $ -   
Retention,Retargeting	| Cart Abandoners,Creative 8,320x50,11/4/2025,2060,3, $ 12.36 ,1,35, $ 2.83 
Retention,Retargeting	| Cart Abandoners,Creative 8,300x250,11/4/2025,5073,3, $ 30.44 ,0,0, $ -   
Retention,Retargeting	| Cart Abandoners,Creative 8,728x90,11/4/2025,503,1, $ 3.02 ,0,0, $ -   
Retention,Retargeting	| Cart Abandoners,Creative 8,320x100,11/4/2025,113,0, $ 0.68 ,0,0, $ -   
Retention,Retargeting	| Cart Abandoners,Creative 8,728x90,11/3/2025,681,0, $ 4.09 ,0,0, $ -   
Retention,Retargeting	| Cart Abandoners,Creative 8,320x100,11/3/2025,171,2, $ 1.03 ,0,0, $ -   
Retention,Retargeting	| Cart Abandoners,Creative 8,160x600,11/3/2025,160,1, $ 0.96 ,0,0, $ -   
Retention,Retargeting	| Cart Abandoners,Creative 8,320x50,11/3/2025,2987,0, $ 17.92 ,3,286, $ 15.96 
Retention,Retargeting	| Cart Abandoners,Creative 8,300x250,11/3/2025,7438,8, $ 44.63 ,0,0, $ -   
Retention,Retargeting	| Website Visitors,Creative 1,320x100,11/9/2025,1,0, $ 0.01 ,0,0, $ -   
Retention,Retargeting	| Website Visitors,Creative 1,320x50,11/8/2025,1,0, $ 0.01 ,0,0, $ -   
Retention,Retargeting	| Website Visitors,Creative 1,320x50,11/6/2025,1,0, $ 0.01 ,0,11," $ 1,833.33 "
Retention,Retargeting	| Website Visitors,Creative 1,320x50,11/5/2025,3,0, $ 0.02 ,0,0, $ -   
Retention,Retargeting	| Website Visitors,Creative 1,320x50,11/4/2025,2,0, $ 0.01 ,0,0, $ -   
Retention,Retargeting	| Website Visitors,Creative 1,320x100,11/4/2025,3,0, $ 0.02 ,0,0, $ -   
Retention,Retargeting	| Website Visitors,Creative 2,320x50,11/6/2025,2,1, $ 0.01 ,3,229.75," $ 19,145.83 "
Retention,Retargeting	| Website Visitors,Creative 2,320x50,11/5/2025,2,1, $ 0.01 ,1,165," $ 13,750.00 "
Retention,Retargeting	| Website Visitors,Creative 2,320x100,11/4/2025,138,0, $ 0.83 ,0,0, $ -   
Retention,Retargeting	| Website Visitors,Creative 2,320x50,11/4/2025,2265,0, $ 13.59 ,1,100, $ 7.36 
Retention,Retargeting	| Website Visitors,Creative 2,728x90,11/4/2025,380,0, $ 2.28 ,0,0, $ -   
Retention,Retargeting	| Website Visitors,Creative 2,160x600,11/4/2025,53,0, $ 0.32 ,0,0, $ -   
Retention,Retargeting	| Website Visitors,Creative 2,728x90,11/3/2025,356,0, $ 2.14 ,0,0, $ -   
Retention,Retargeting	| Website Visitors,Creative 2,320x50,11/3/2025,2566,1, $ 15.40 ,2,562.5, $ 36.54 
Retention,Retargeting	| Website Visitors,Creative 2,320x100,11/3/2025,127,0, $ 0.76 ,0,0, $ -   
Retention,Retargeting	| Website Visitors,Creative 2,160x600,11/3/2025,90,0, $ 0.54 ,0,0, $ -   
Retention,Retargeting	| Website Visitors,Creative 3,300x250,11/5/2025,1,0, $ 0.01 ,0,41," $ 6,833.33 "
Retention,Retargeting	| Website Visitors,Creative 4,320x100,11/5/2025,1,0, $ 0.01 ,0,0, $ -   
Retention,Retargeting	| Website Visitors,Creative 4,300x250,11/3/2025,2,1, $ 0.01 ,1,60," $ 5,000.00 "
Retention,Retargeting	| Website Visitors,Creative 6,300x250,11/8/2025,1,0, $ 0.01 ,1,55," $ 9,166.67 "
Retention,Retargeting	| Website Visitors,Creative 6,300x250,11/7/2025,1,0, $ 0.01 ,1,127.58," $ 21,263.33 "
Retention,Retargeting	| Website Visitors,Creative 6,320x50,11/5/2025,3,1, $ 0.02 ,2,271.75," $ 15,097.22 "
Retention,Retargeting	| Website Visitors,Creative 6,320x100,11/5/2025,1,0, $ 0.01 ,0,0, $ -   
Retention,Retargeting	| Website Visitors,Creative 6,300x250,11/4/2025,4972,2, $ 29.83 ,0,0, $ -   
Retention,Retargeting	| Website Visitors,Creative 6,160x600,11/4/2025,65,0, $ 0.39 ,0,0, $ -   
Retention,Retargeting	| Website Visitors,Creative 6,320x50,11/4/2025,2396,3, $ 14.38 ,2,270.5, $ 18.82 
Retention,Retargeting	| Website Visitors,Creative 6,320x100,11/4/2025,137,0, $ 0.82 ,0,0, $ -   
Retention,Retargeting	| Website Visitors,Creative 6,728x90,11/4/2025,393,0, $ 2.36 ,0,0, $ -   
Retention,Retargeting	| Website Visitors,Creative 6,300x250,11/3/2025,6732,2, $ 40.39 ,0,22, $ 0.54 
Retention,Retargeting	| Website Visitors,Creative 6,320x100,11/3/2025,267,0, $ 1.60 ,0,0, $ -   
Retention,Retargeting	| Website Visitors,Creative 6,160x600,11/3/2025,91,0, $ 0.55 ,0,0, $ -   
Retention,Retargeting	| Website Visitors,Creative 6,728x90,11/3/2025,369,3, $ 2.21 ,0,0, $ -   
Retention,Retargeting	| Website Visitors,Creative 6,320x50,11/3/2025,2781,3, $ 16.69 ,0,47.5, $ 2.85 
Retention,Retargeting	| Website Visitors,Creative 7,300x250,11/9/2025,1,0, $ 0.01 ,0,0, $ -   
Retention,Retargeting	| Website Visitors,Creative 7,320x50,11/9/2025,1,0, $ 0.01 ,1,104," $ 17,333.33 "
Retention,Retargeting	| Website Visitors,Creative 7,320x50,11/6/2025,2,0, $ 0.01 ,2,183," $ 15,250.00 "
Retention,Retargeting	| Website Visitors,Creative 7,300x250,11/6/2025,2,1, $ 0.01 ,0,0, $ -   
Retention,Retargeting	| Website Visitors,Creative 7,320x50,11/5/2025,3,0, $ 0.02 ,3,141.25," $ 7,847.22 "
Retention,Retargeting	| Website Visitors,Creative 7,300x250,11/5/2025,4,0, $ 0.02 ,2,146.75," $ 6,114.58 "
Retention,Retargeting	| Website Visitors,Creative 7,300x250,11/4/2025,4624,3, $ 27.74 ,0,0, $ -   
Retention,Retargeting	| Website Visitors,Creative 7,320x50,11/4/2025,2136,1, $ 12.82 ,1,85, $ 6.63 
Retention,Retargeting	| Website Visitors,Creative 7,160x600,11/4/2025,52,1, $ 0.31 ,0,0, $ -   
Retention,Retargeting	| Website Visitors,Creative 7,728x90,11/4/2025,390,0, $ 2.34 ,0,0, $ -   
Retention,Retargeting	| Website Visitors,Creative 7,320x100,11/4/2025,166,0, $ 1.00 ,0,0, $ -   
Retention,Retargeting	| Website Visitors,Creative 7,320x50,11/3/2025,2445,5, $ 14.67 ,2,410, $ 27.95 
Retention,Retargeting	| Website Visitors,Creative 7,320x100,11/3/2025,121,0, $ 0.73 ,0,0, $ -   
Retention,Retargeting	| Website Visitors,Creative 7,160x600,11/3/2025,95,0, $ 0.57 ,0,0, $ -   
Retention,Retargeting	| Website Visitors,Creative 7,300x250,11/3/2025,6324,3, $ 37.94 ,4,477, $ 12.57 
Retention,Retargeting	| Website Visitors,Creative 7,728x90,11/3/2025,366,1, $ 2.20 ,0,0, $ -   
Retention,Retargeting	| Website Visitors,Creative 8,320x50,11/9/2025,1,0, $ 0.01 ,1,134," $ 22,333.33 "
Retention,Retargeting	| Website Visitors,Creative 8,320x100,11/8/2025,1,0, $ 0.01 ,0,0, $ -   
Retention,Retargeting	| Website Visitors,Creative 8,320x50,11/8/2025,2,0, $ 0.01 ,0,0, $ -   
Retention,Retargeting	| Website Visitors,Creative 8,320x50,11/7/2025,1,0, $ 0.01 ,2,286.5," $ 47,750.00 "
Retention,Retargeting	| Website Visitors,Creative 8,320x50,11/5/2025,1,0, $ 0.01 ,2,227.55," $ 37,925.00 "
Retention,Retargeting	| Website Visitors,Creative 8,320x100,11/5/2025,1,0, $ 0.01 ,0,0, $ -   
Retention,Retargeting	| Website Visitors,Creative 8,728x90,11/4/2025,368,1, $ 2.21 ,0,0, $ -   
Retention,Retargeting	| Website Visitors,Creative 8,320x100,11/4/2025,130,0, $ 0.78 ,0,0, $ -   
Retention,Retargeting	| Website Visitors,Creative 8,300x250,11/4/2025,4861,4, $ 29.17 ,0,0, $ -   
Retention,Retargeting	| Website Visitors,Creative 8,320x50,11/4/2025,2377,0, $ 14.26 ,2,102, $ 7.15 
Retention,Retargeting	| Website Visitors,Creative 8,160x600,11/4/2025,73,1, $ 0.44 ,0,0, $ -   
Retention,Retargeting	| Website Visitors,Creative 8,160x600,11/3/2025,108,0, $ 0.65 ,0,0, $ -   
Retention,Retargeting	| Website Visitors,Creative 8,300x250,11/3/2025,6701,10, $ 40.21 ,2,205, $ 5.10 
Retention,Retargeting	| Website Visitors,Creative 8,320x100,11/3/2025,123,0, $ 0.74 ,0,0, $ -   
Retention,Retargeting	| Website Visitors,Creative 8,728x90,11/3/2025,404,1, $ 2.42 ,0,0, $ -   
Retention,Retargeting	| Website Visitors,Creative 8,320x50,11/3/2025,2675,2, $ 16.05 ,3,214.67, $ 13.38 